"AccountId","CardId","Sheba","AccountType","BranchTelephone","BranchAddress","BranchName","OwnerName","OwnerFamilyName","OwnerId"
"6000000198","6104335000000190","IR120778801496000000198","پس انداز","55638667","تهران-خیابان خیام-بالاتر از چهارراه گلوبندک","گلوبندک","افسر","طباطبایی","1227114110"
"4000000028","6037699000000020","IR033880987114000000028","سپرده","77547230","تهران-خيابان شهيد مدنی-نبش خيابان اميرشرفی","امیر شرفی","ایرج","مددی","3658507956"
"3000000406","6221060000000400","IR248204855973000000406","سپرده","22760489","تهران-خيابان دولت-خيابان ديباجی جنوبی-نبش خيابان شهيد عرفاتی-شماره 82","ديباجی جنوبی","ترانه","برزگری","0233079137"
"4000000290","6219867000000290","IR806364680364000000290","جاری","22960013","تهران-چهارراه پاسداران-میدان حسین‌آباد-ساختمان مهدی-پلاک 120","میدان حسین آباد","ترمه","نصیری","3472758002"
"2000000361","6104333000000360","IR437427012782000000361","پس انداز","33502628","تهران-خیابان ری-نرسیده به سه‌ راه امین حضور-جنب کوچه آبشار","آبشار","ارژنگ","مرتضوی","8260281348"
"9000000331","6221062000000330","IR382666702669000000331","پس انداز","22237244","تهران-خيابان شريعتی-خيابان موسی وند-خيابان کريمی-شماره 151","خيابان بوعلی","تینا","اشتیانی","9650799964"
"2000000307","5028064000000300","IR515705817182000000307","سپرده","77728343","تهران-تهرانپارس-خیابان رشید-نبش کوچه 148 غربی-پلاک 119","تهرانپارس - رشید","ارین","نجفی","2383698300"
"3000000352","6104335000000350","IR447139041943000000352","جاری","55898061","تهران-خیابان 15 خرداد-بازار عباس آباد-سرای آزادی-طبقه دوم","سرای آزادی","حمید","یثربی","1782886202"
"8000000459","6395999000000450","IR999469685408000000459","جاری","77227190","تهران-خیابان فرجام شرقی-بین سراج و چهارراه ولیعصر-جنب گزینش ناجا-پلاک 1/514","فرجام شرقی","خسرو","صفوی","5674868748"
"8000000402","6393468000000400","IR666786156808000000402","جاری","66571376","تهران-خیابان امیر آباد شمالی-روبروی پمپ بنزین-نبش کوچه اشراقی","امیر آباد شمالی","دارا","زمان زاده","6935043332"
"9000000439","6219867000000430","IR768572504519000000439","سپرده","55481172","تهران-خيابان کارگرجنوبی-ضلع شمال شرقی ميدان قزوين-پلاک 18","میدان قزوین","دریا","حسین زاده","9823618218"
"8000000280","6104336000000280","IR555340066618000000280","جاری","88556268","تهران-خیابان شهید مطهری-نرسیده به خیابان قائم مقام فراهانی-پلاک 257","استاد مطهری","کامران","رضایی","2684955349"
"4000000320","6221065000000320","IR254972538744000000320","پس انداز","66362188","تهران-خيابان آزادی-نبش خيابان آذربايجان-شماره 332","آزادی","کیانوش","قاضی","1181323213"
"7000000060","6104332000000060","IR782956669947000000060","سپرده","33769073","تهران-شهرری-شهرک دولت آباد-فلکه اول","دولت آباد","ژیلا","زمان زاده","4398373386"
"1000000236","6037697000000230","IR311031297571000000236","جاری","55707330","تهران-خیابان قزوین-نرسیده به دو راهی قپان-پلاک 843","امین الملک","ساناز","حسن پور","8655501965"
"6000000453","6280233000000450","IR590757191926000000453","سپرده","55746611","تهران-خیابان قزوین-دوراهی‌قپان-خیابان فرهنگ-پلاک 945","اذری","ستایش","سالاری","8083189094"
"7000000069","5041728000000060","IR537707653587000000069","پس انداز","33136732","تهران-خیابان 17 شهریور-پایین تر از پل آهنگ-پلاک 954","17شهریور","نقی","طباطبایی","7518497901"
"5000000045","5028064000000040","IR129871182765000000045","جاری","55601544","تهران-خیابان مولوی غربی-بعد از میدان محمدیه-پلاک 744","مولوی غربی","نگار","احمدی","1247145263"
"9000000487","5028066000000480","IR541008141089000000487","سپرده","66067052","تهران-خیابان آزادی-ما بین خیابان شهیدان و خیابان جیحون-ابتدای کوچه مشعوف-پلاک 378","آزادی - یادگار","مهتاب","قاضی","0466444575"
"9000000184","6219869000000180","IR955348247339000000184","سپرده","22234427","تهران-بلوار 35 متری قیطریه-روبروی پارک قیطریه-پلاک 85","قیطریه","بامداد","برزگری","7333935716"
"7000000021","6037999000000020","IR357530402617000000021","جاری","55000069","تهران-خانی آباد نو-خیابان شهرداری-نبش خیابان مینا","خانی آباد نو","بهناز","اشتیانی","3184365126"
"5000000008","6104333000000000","IR378370321425000000008","پس انداز","66057406","تهران-خیابان آزادی-مقابل دانشگاه صنعتی شریف-نبش کوچه حیدرتاش-پلاک 240","آزادی","انوش","ابراهیمی","2746339440"
"4000000400","5028063000000400","IR508577914084000000400","جاری","88717727","تهران-خیابان احمد قصیر-بین خیابان پنجم و خیابان هفتم-پلاک 16","احمد قصیر","پرهام","عسگرپور","5125488187"
"1000000358","5028067000000350","IR463499058601000000358","سپرده","56696077","تهران-اسلامشهر‏-ابتدای بیست متری امام خمینی (ره)-جنب مسجد امام نقی(ع)","اسلامشهر","پیروز","شکاری","9710095137"
"8000000190","6221064000000190","IR401698532368000000190","جاری","46889990","تهران-بلوار انقلاب-نبش خيابان کشاورز","شهر قدس","مانی","عبدلی","8320298705"
"9000000405","6395995000000400","IR500379357299000000405","پس انداز","22844370","تهران-خیابان خواجه عبدالله انصاری-نبش کوچه ششم-پلاک 110","خواجه عبدالله انصاری","شیرین","ابراهیم نژاد","4031019294"
"8000000072","6037692000000070","IR386778000928000000072","پس انداز","22551135","تهران-خیابان پاسداران-خیابان شهید کلاهدوز-خیابان اختیاریه جنوبی-پلاک 242","اختیاریه جنوبی","نیلوفر","حکمت","8424656454"
"3000000111","6221069000000110","IR871180046233000000111","جاری","66499886","تهران-خيابان وليعصر-نرسيده به چهار راه وليعصر-شماره 1415","چهارراه وليعصر","هوشنگ","کاظم زاده","7816129135"
"3000000385","6104330000000380","IR340085695043000000385","سپرده","33358682","تهران-خیابان هفده شهریور-چهارراه شمس","چهار راه شمس","هوشنگ","منوچهری","0002394999"
"5000000011","6037709000000010","IR386213858785000000011","پس انداز","66062062","تهران-خیابان آزادی-بین بهبودی و شادمهر","خیابان آزادی شادمهر","هومن","خانی","9318930747"
"3000000484","6393466000000480","IR520112369183000000484","جاری","88446670","تهران-خیابان شریعتی-تقاطع مطهری-شماره 707","شریعتی مطهری","ارمینا","حکمت","3415869798"
"7000000162","6219869000000160","IR221320725917000000162","سپرده","66750413","تهران-خیابان جمهوری-خیابان سی‌تیر-نبش کوچه بهزاد-شماره 65","سی تیر","اریانا","اهی","1794473007"
"3000000017","6104333000000010","IR436494293263000000017","جاری","88846860","تهران-خیابان ایرانشهر شمالی-نبش خیابان برادران شاداب شرقی-پلاک 2","خیابان ایرانشهر","ازاده","علیزاده","0646446268"
"4000000418","6395992000000410","IR569545262124000000418","سپرده","22927275","تهران-بلوار میرداماد-جنب مرکز تجاری رز میرداماد-پلاک 997","میرداماد","سیمین","برزگری","1176159547"
"8000000461","5028064000000460","IR782842091658000000461","سپرده","66067052","تهران-خیابان آزادی-ما بین خیابان شهیدان و خیابان جیحون-ابتدای کوچه مشعوف-پلاک 378","آزادی - یادگار","شروین","نقی زاده","9700714642"
"1000000314","6221065000000310","IR902220929311000000314","سپرده","77298787","تهران-بزرگراه رسالت-حد فاصل اتوبان باقری و خيابان چهارراه رشيد-شماره 222","چهارراه‌ رشيد","تینا","نقی زاده","9067669504"
"4000000412","6221060000000410","IR867148385924000000412","سپرده","22116410","تهران-سعادت آباد-ميدان بهرود-مرکز تجاری پرواز-شماره 201","بهرود","جمشید","کریمی","9701690228"
"1000000282","6221064000000280","IR271168320781000000282","جاری","77976690","تهران-بزرگراه رسالت-خيابان دردشت-خيابان 52 شرقی","دردشت","کریم","تقی پور","8853736392"
"2000000259","6104333000000250","IR368514432212000000259","پس انداز","33897777","تهران-خیابان فدائیان اسلام","بازار سنگ و فلزات","ژیلا","کریمی","9074815095"
"8000000322","6104331000000320","IR065456486938000000322","سپرده","77687476","تهران-خیابان سعدی شمالی-خیابان برادران قائدی-نبش خیابان نورمحمدی","هدایت","نرگس","علیزاده","6340826947"
"5000000425","6104330000000420","IR577325106265000000425","سپرده","88930737","تهران-خیابان استاد نجات الهی شمالی-بعداز خیابان ورشو-نبش کوچه هشتم","استاد نجات الهی شمالی","مرجان","تقوی","1136414393"
"3000000271","6219865000000270","IR256060769483000000271","پس انداز","44211040","تهران-شهرک ژاندارمری-بلوار مرزداران-بین ایثار و دانش-شماره 136","بلوار مرزداران","مهرزاد","حسین پور","0557489624"
"7000000396","6037992000000390","IR656199929467000000396","جاری","22227540","تهران-شریعتی-روبروی حسینیه ارشاد","حسینیه ارشاد","افتاب","خانی","4027144444"
"9000000490","6037994000000490","IR666488809729000000490","سپرده","88454100","تهران-خیابان دکتر شریعتی-خیابان دکتر شریعتی-بین خیابان مطهری و معلم","قصر","افسون","علوی","6692187197"
"8000000061","6037694000000060","IR275862759998000000061","پس انداز","55600617","تهران-خیابان مولوی-سه راه تختی-پلاک 788","تختی","اناهیتا","نصیری","7106408660"
"1000000309","6280234000000300","IR097688957091000000309","جاری","55408340","تهران-خیابان کارگرجنوبی-پلاک 522","فارابی","پردیس","فیضی","2069218549"
"8000000306","6104337000000300","IR927757318198000000306","سپرده","76224400","تهران-بومهن-بلوار امام خمینی-پلاک 3084","بومهن دماوند","پریچهر","فریدونی","7984636366"
"1000000147","5028061000000140","IR909072811401000000147","پس انداز","66138202","تهران-شادآباد-خیابان بهاران1-بلوک 28","شادآباد","پریچهر","گنجی","1865720630"
"8000000275","5028061000000270","IR077707984898000000275","سپرده","22592512","تهران-خیابان شهید کلاهدوز-خیابان اختیاریه جنوبی-پلاک 169","اختیاریه جنوبی","پویا","ابریشمی","5784169990"
"1000000372","6104335000000370","IR234452197991000000372","جاری","55353522","تهران-نازی آباد-بازار دوم-خیابان مدائن-پلاک 122","نازی آباد","ترمه","کاظمی","9160072500"
"2000000010","6104338000000010","IR758959940722000000010","جاری","33113687","تهران-خیابان ناصر خسرو-روبروی خیابان صوراسرافیل‏-پلاک 285","ناصر خسرو","ابراهیم","امیری","4500943129"
"5000000141","5028064000000140","IR298696952645000000141","پس انداز","22532471","تهران-بزرگراه رسالت-خیابان بنی هاشم-میدان بنی هاشم.","بنی هاشم","اراز","سعیدی","1223491439"
"2000000006","6037690000000000","IR377220195952000000006","جاری","26212310","تهران-بلوار آفریقا-خیابان طاهری-پلاک 216.","بلوار ناهید","ارژنگ","علوی","3635792659"
"9000000435","6393460000000430","IR940175150799000000435","جاری","66064137","تهران-خیابان آزادی-روبروی استاد معین-بلوار اکبری-کوی شهید قاسمی-جنب ورزشگاه شهدای طرشت","طرشت","ماهان","شیروانی","9452607857"
"8000000018","6037998000000010","IR533473214738000000018","سپرده","22728252","تهران-خیابان شهرداری-جنب بیمارستان شهدا","تجریش","فرزام","حکیمی","3879969260"
"3000000477","6037702000000470","IR809919804343000000477","سپرده","66635988","تهران-بزرگراه آیت اله سعیدی-چهارراه یافت آباد-نبش خیابان معلم","جاویدالاثر عباس کهن","فرزین","زمان زاده","6820671429"
"4000000295","6037993000000290","IR156734628854000000295","پس انداز","66432799","تهران-توحید-خیابان توحید-نبش خیابان نیایش شرقی-پلاک 26","خیابان توحید","رکسانا","انصاری فرد","2752967973"
"2000000441","6221063000000440","IR037540276692000000441","سپرده","22760489","تهران-خيابان دولت-خيابان ديباجی جنوبی-نبش خيابان شهيد عرفاتی-شماره 82","ديباجی جنوبی","ریحانه","منوچهری","2295659361"
"2000000112","6221067000000110","IR454305819142000000112","جاری","66415927","تهران-خيابان امام خمينی-بين خيابان شيخ هادی و وليعصر-پاساژ فجر","امام خمينی-حسن آباد","نیلوفر","سالاری","9904312468"
"5000000047","5028063000000040","IR412352515825000000047","پس انداز","44204182","تهران-بلوار مرزداران-بعد از چهارراه دانش-پلاک 86","مرزداران","یگانه","میرمحمدی","8255552403"
"2000000474","5028060000000470","IR168721850852000000474","جاری","88794109","تهران-میدان آرژانتین-ابتدای خیابان الوند-پلاک 15","آرژانتین-الوند","ارمیتا","فراهانی","8042838641"
"5000000303","6104330000000300","IR719409188595000000303","سپرده","88002469","تهران-خیابان کارگرشمالی-بالاتر از پمپ بنزین-پلاک 1697","دانشکده اقتصاد","ارمینه","ابراهیمی","8881926198"
"7000000051","6219865000000050","IR333870833927000000051","پس انداز","40446818","تهران-شهرک اکباتان-فاز یک-خیابان نفیسی-روبروی مخابرات-پلاک 59","شهرک اکباتان","ارین","تقی زاده","3239497490"
"9000000393","6219869000000390","IR136276291259000000393","جاری","40446818","تهران-شهرک اکباتان-فاز یک-خیابان نفیسی-روبروی مخابرات-پلاک 59","شهرک اکباتان","سیامک","حسن پور","2533294769"
"3000000019","6221068000000010","IR142899619753000000019","جاری","55225390","تهران-جاده قم-باقر شهر-رو بروی بلوارامام خمينی-شماره 2.","باقرشهر","شکوفه","تقی پور","3504904352"
"7000000434","6219861000000430","IR447958134267000000434","سپرده","65269021","تهران-شهريار-خیابان وليعصر-ضلع شرقی میدان امام خمینی-پلاک 130","شهریار","دلارام","رضازاده","8151967578"
"8000000442","5028067000000440","IR303423421218000000442","پس انداز","88456225","تهران-خیابان شهید بهشتی-نرسیده به تقاطع خیابان سهروردی-نبش خیابان داریوش-پلاک 104","شهید بهشتی","ساغر","عسگری","6473834590"
"3000000374","5028066000000370","IR425707045333000000374","پس انداز","22380715","تهران-سعادت آباد-بلوار سرو شرقی-کوچه رشادت-پلاک 6","سعادت آباد - میدان کاج","سودابه","یوسفی","8950481894"
"2000000299","6037705000000290","IR576662228972000000299","پس انداز","66752990","تهران-خیابان فردوسی شمالی-خیابان نوفل لوشاتو","فردوسی شمالی","نازنین","نصیری","5387119136"
"2000000340","6037704000000340","IR709847051962000000340","سپرده","22380414","تهران-سعادت آباد-میدان کاج-سرو شرقی","سعادت آباد","بهداد","محمدی","2907298756"
"6000000318","6037990000000310","IR578882743186000000318","پس انداز","55379291","تهران-وحدت اسلامی-خیابان وحدت اسلامی-نبش طبرستان","خوارزمی","عباس","مدیری","5835496560"
"8000000093","6037695000000090","IR616528983418000000093","پس انداز","77904852","تهران-تقاطع چمن و سامان","چمن و سامان","افسر","صادق پور","4852335017"
"6000000387","6221061000000380","IR150846503946000000387","سپرده","88987440","تهران-بلوار کشاورز-اول خيابان نادری-شماره 16","لیزینگ","افسر","علی ابادی","3313888775"
"7000000421","6393460000000420","IR513927409567000000421","جاری","22185003","تهران-ولنجک-نبش خیابان سیزدهم-برج کاسپین-طبقه همکف","ولنجک","امیرحسین","فیضی","0423969321"
"4000000101","6280239000000100","IR362785697174000000101","پس انداز","77498981","تهران-خیابان سمنگان-پلاک 515","سمنگان","پرهام","حسن پور","5442133748"
"7000000114","6104332000000110","IR183516278437000000114","سپرده","66497696","تهران-خیابان ولیعصر-خیابان امام خمینی-نبش کوچه حسن سخنور-پلاک 1075","موزه ملی قران کریم","پویا","برزگری","3858217075"
"4000000410","6037998000000410","IR424380285134000000410","پس انداز","88834313","تهران-میدان هفت تیر-روبروی خیابان کریم خان زند-نبش کوچه صارم","میدان هفتم تیر","ابتین","میرمحمدی","1871095136"
"4000000423","6037998000000420","IR499765389894000000423","سپرده","55415569","تهران-خیابان کارگر جنوبی-چهارراه لشگر-خیابان کمالی-بین غفاری و مخصوص","کمالی","گوهر","هادی زاده","3179288824"
"6000000085","6221066000000080","IR053929618676000000085","پس انداز","77078593","تهران-شهرک اميد-قنات کوثر-فاز 3 تجاری جديد-شماره 112","شهرک اميد","گیتی","فاطمی پور","5138119407"
"1000000319","6221060000000310","IR546197579921000000319","جاری","44161100","تهران-بلوار فردوس غربی-تقاطع بلوار شقايق-ضلع شمال غربی","بلوار فردوس","مجید","رضازاده","9966067321"
"7000000283","6037693000000280","IR506048154297000000283","پس انداز","33051474","تهران-خیابان پیروزی-خیابان نبرد-پلاک 691","بیست متری نبرد","مجید","عبدلی","8137420564"
"3000000160","6221060000000160","IR463836835643000000160","پس انداز","77941383","تهران-خيابان دکتر آيت جنوبی-شماره 435","خيابان آيت","فاطمه","مرتضوی","3882095898"
"5000000363","5028063000000360","IR591813467935000000363","سپرده","33439995","تهران-خیابان17شهریور جنوبی-اتوبان شهید محلاتی-خیابان نبرد جنوبی-پایین تر ازچهارراه زمزم-پلاک 4476","شهرداری منطقه 14","رضا","رضاپور","0115745195"
"6000000038","5028068000000030","IR878066041366000000038","جاری","66475778","تهران-میدان انقلاب-ضلع شمال شرقی میدان-جنب بانک سپه-پلاک 47","میدان انقلاب","رها","قاضی","1560537539"
"2000000373","6037700000000370","IR883177207882000000373","سپرده","55744146","تهران-خیابان قزوین-پایین تر از دوراهی قپان. ","دوراهی قپان","زهرا","داوودی","1386401350"
"4000000165","6037692000000160","IR017475056574000000165","جاری","44458070","تهران-بلوار آیت اله کاشانی-خیابان جنت آبادجنوبی-بین لاله و میدان چهار باغ-پلاک 109","جنت آباد","زهرا","علیزاده","0833170800"
"2000000366","5028060000000360","IR356842946942000000366","پس انداز","66389953","تهران-بزرگراه شهید نواب صفوی-بعد از تونل توحید-پل امام خمینی-پلاک 2","نواب","هومن","صدیقی","6860272877"
"8000000346","6037704000000340","IR267631174888000000346","جاری","22687919","تهران-قیطریه-خیابان شهید اندرزگو-خیابان شهید کریمی-نبش محقق اول","قیطریه","وحید","باقراذری","2950762416"
"3000000370","5892108000000370","IR153925398493000000370","سپرده","77884543","تهران-خیابان فرجام-نرسیده به اتوبان باقری","فرجام","ارمیتا","تقی زاده","3268531288"
"4000000251","6393468000000250","IR595730970314000000251","جاری","44419745","تهران-میدان پونک-ضلع جنوبی میدان-ساختمان امیر","میدان پونک","ارمینه","احمدی","2943227846"
"6000000256","6280234000000250","IR343644047926000000256","سپرده","22356121","تهران-شهرک غرب-پلاک 56","بلوار شهید فرحزادی","ازاد","مرتضوی","8367813364"
"6000000381","6393464000000380","IR108588379966000000381","جاری","44604306","تهران-جنت آباد شمالی-بالاتر از اتوبان شهید همت-نرسیده به آبشناسان-نبش کوچه 13 آبان","جنت آباد","اسماعیل","محمد پور","4664642759"
"1000000016","6221063000000010","IR692089279491000000016","پس انداز","55225390","تهران-جاده قم-باقر شهر-رو بروی بلوارامام خمينی-شماره 2.","باقرشهر","سیامک","کرمی","5998524174"
"7000000207","5028067000000200","IR059393627487000000207","سپرده","88697761","تهران-شهرک غرب-بلوار پاکنژاد-تقاطع بلوار دریا-پلاک 1","پاکنژاد","چکامه","یثربی","9404705894"
"9000000196","5892105000000190","IR664942602929000000196","جاری","22723559","تهران-میدان تجریش-ابتدای خیابان ولیعصر","شمیران","فریبرز","میرمحمدی","9864462068"
"2000000466","6104332000000460","IR017565889552000000466","پس انداز","77814540","تهران-خیابان نظام آباد شمالی-سه‌ راه وحیدیه-نبش کوچه جلالی-پلاک 369","سه راه وحیدیه","فرید","محمد نژاد","9935183825"
"8000000237","5028060000000230","IR150536111998000000237","سپرده","55058645","تهران-نازی آباد-میدان بهمنیار-ابتدای خیابان خالقی پور-پلاک 2","نازی آباد","نازنین","عسگرپور","6152596266"
"1000000328","5041729000000320","IR811070033271000000328","جاری","44673235","تهران-اکباتان-بلوار شهید نفیسی-روبروی دبیرستان عموئیان","اکباتان","نسترن","قاضی","8481973439"
"7000000349","6037705000000340","IR756871272777000000349","سپرده","22614091","تهران-خیابان شهید کلاهدوز","دولت","نکیسا","رحمانی","0448491439"
"4000000245","6037697000000240","IR865691079064000000245","سپرده","55000222","تهران-خیابان شهیدرجائی-نبش اتوبان آزادگان-کوچه خلفی-پلاک 674","احمدیه","مژگان","عزیزی","6753782384"
"4000000492","6037995000000490","IR736974392194000000492","جاری","44234111","تهران-خیابان ستارخان-ابتدای خیابان ستارخان-فلکه اول صادقیه-ضلع شمالی فلکه","صادقیه","بهراد","شیروانی","9030951254"
"9000000210","5892101000000210","IR946565947139000000210","پس انداز","66403800","تهران-خیابان ولیعصر-تقاطع خیابان طالقانی-جنب بیمارستان کودکان","طالقانی غربی","بهشاد","زارع","4843516776"
"8000000447","6221068000000440","IR338789096828000000447","جاری","66932622","تهران-ميدان انقلاب-ابتدای خيابان آزادی-شماره 79","ميدان انقلاب","بیژن","صادق زاده","8187908430"
"9000000199","6037690000000190","IR176541983129000000199","پس انداز","66928735","تهران-خیابان اسکندری شمالی-بالاتر از خیابان آزادی-نبش کوچه صهبا-پلاک 29","اسکندری شمالی","پروانه","فاطمی پور","4969990399"
"1000000310","6221068000000310","IR388064521261000000310","سپرده","22888831","تهران-خيابان پاسداران-نبش دشتستان هفتم-شماره 1","سه راه ضرابخانه","پروین","حسین زاده","7989473276"
"5000000470","5028068000000470","IR929070207645000000470","جاری","885250233","تهران-خیابان سهروردی شمالی-چهارراه کیهان-حدفاصل کوچه باسقی و زمانی-پلاک 366","سهروردی شمالی تهران","ترانه","فریدونی","1562681618"
"7000000167","6037991000000160","IR949845891847000000167","جاری","66677790","تهران-خیابان قصرالدشت-بین هاشمی و امام خمینی-پلاک 299","خیابان قصرالدشت","ارام","فیضی","6784942445"
"7000000376","6221064000000370","IR101491697057000000376","جاری","77516120","تهران-ميدان امام حسين-ضلع شمالی ميدان-شماره 41.","امام حسين","محمد","مهدوی کیا","1387982921"
"7000000133","6219863000000130","IR317316976607000000133","سپرده","66750413","تهران-خیابان جمهوری-خیابان سی‌تیر-نبش کوچه بهزاد-شماره 65","سی تیر","شهرزاد","موسوی","7666983430"
"2000000127","6037996000000120","IR552229806652000000127","پس انداز","23583218","تهران-میرداماد-بعد از بانک مرکزی-پلاک 191","میرداماد","فرزام","باقرزاده","8420300499"
"4000000430","6104338000000430","IR171803391584000000430","سپرده","88970792","تهران-بلوار کشاورز-برج لاله ملت-پلاک 232","لاله ملت","رامین","رضایی","5872487827"
"4000000403","6395994000000400","IR484081056224000000403","جاری","22843889","تهران-پاسداران-بالاتر از سه راه ضرابخانه-روبروی بانک مرکزی-پلاک 118","پاسداران","نگین","کاظمی","6139190150"
"6000000002","6221063000000000","IR755299239176000000002","پس انداز","22420765","تهران-خيابان اوين-خيابان شهيد کچويی-شماره 103","اوين","وحید","میرمحمدی","1814770749"
"3000000024","5028065000000020","IR266079509053000000024","سپرده","22896808","تهران-ابتدای خیابان پاسداران-میدان فرخی یزدی-نبش کوچه دوم-پلاک 19","فرخی یزدی","یگانه","منوچهری","8803688421"
"6000000226","6037692000000220","IR821389352726000000226","جاری","44409543","تهران-تقاطع اشرفی اصفهانی-تقاطع حکیم-کوچه خجسته پور-پلاک 1","اشرفی اصفهانی","ارشام","رحیمی","1415470283"
"1000000301","6280239000000300","IR436943877141000000301","پس انداز","33081722","تهران-خیابان پیروزی-خیابان شهید افراسیابی-کوچه قاسمی","میدان سیزده آبان","اسماعیل","باقرزاده","9888877357"
"1000000312","5892107000000310","IR962924230931000000312","جاری","88647163","تهران-میدان آرژانتین-بزرگراه آفریقا-روبروی پارکینگ بیهقی-ساختمان شماره 7-طبقه همکف","مستقل بیهقی تهران","سینا","جعفرزاده","7943881033"
"5000000187","6219868000000180","IR396483333475000000187","جاری","22753914","تهران-میدان تجریش-انتهای خیابان دزاشیب-سه‌ راه عمار-شماره 158","خیابان درازشیب","شادی","کرمی","0693976690"
"3000000037","6219861000000030","IR955600585903000000037","سپرده","66491075","تهران-خیابان ولیعصر-میدان منیریه-خیابان معیری-نبش بن بست ناظمی-پلاک 53","منیریه","کوروش","علیزاده","6790999159"
"1000000360","6280230000000360","IR709874603531000000360","سپرده","22723639","تهران-خیابان ولیعصر(عج)-پلاک 3087","تجریش","سالار","لاهوتی","0494310766"
"4000000073","6037996000000070","IR519027961084000000073","جاری","66412501","تهران-خیابان آیت اله طالقانی-خیابان آیت اله طالقانی-جنب بیمارستان کودکان-پلاک 444","وحدت","سامان","برزگری","5094228581"
"3000000440","6104332000000440","IR312962368263000000440","سپرده","88527804","تهران-خیابان دکتربهشتی-بعد از چهارراه اندیشه-پلاک 55","چهار راه قصر","سایه","حکمت","0135000348"
"1000000493","6037699000000490","IR062304862821000000493","سپرده","88802340","تهران-بلوار کشاورز-پلاک 58","بلوار کشاورز","سپیده","محمدزاده","8053257598"
"2000000144","6037996000000140","IR066497343852000000144","پس انداز","55074658","تهران-خیابان شوش شرقی-نرسیده به میدان شوش-پلاک 392","اباذر","نسرین","سجادی","6993467487"
"1000000317","6280233000000310","IR406489442481000000317","سپرده","33143668","تهران-خیابان پیروزی-بلوار ابوذر-پلاک 205","بلوار ابوذر","مروارید","عزیزی","1424991443"
"7000000136","6219862000000130","IR906693651837000000136","جاری","88906178","تهران-خیابان ولیعصر-بالاتر از میدان ولیعصر-نرسیده به کوچه ناصر-پلاک 1777","ولیعصر","مهرزاد","موسوی","0637754526"
"2000000364","6221067000000360","IR431865647432000000364","سپرده","88975118","تهران-بلوار کشاورز-نبش خيابان شهيد شوريده-شماره 53","بلوار کشاورز","بهاره","طباطبایی","4350411903"
"1000000113","5028064000000110","IR569882295881000000113","سپرده","22560465","تهران-خیابان پاسداران-بالاتر از برج سفید-نبش خیابان نیستان ششم-پلاک 242","پاسداران","بهراد","علیزاده","2656747043"
"9000000221","6280237000000220","IR436881200609000000221","سپرده","33322266","تهران-خیابان دماوند-پلاک 101","ایرانمهر","بهمن","قنبری","4315795168"
"2000000031","5041726000000030","IR983034221612000000031","سپرده","66066150","تهران-خیابان آزادی-روبروی متروی شادمان-بانک قرض الحسنه رسالت","آزادی","شاهین","کریمی","1221278298"
"2000000277","6393462000000270","IR228928728662000000277","سپرده","88065691","تهران-خیابان ملاصدرا-بین خیابان شیراز و شیخ بهایی","ملاصدرا","پیروز","کاظمیان","7130141602"
"3000000437","6104335000000430","IR356945094933000000437","جاری","88506083","تهران-خیابان شهید دکتر بهشتی-خیابان شهید سرافراز-نبش کوچه هشتم-پلاک 2","شهید سرافراز","زهرا","داوودی","8418112924"
"6000000192","6104336000000190","IR560610798956000000192","سپرده","33114729","تهران-خیابان پامنار شمالی-پلاک 95","پامنار","امیر","نقی زاده","5031193439"
"3000000390","5892106000000390","IR945060017823000000390","پس انداز","55381374","تهران-خیابان ولیعصر-امیریه-ضلع غربی میدان منیریه-جنب دادسرا-پلاک 1074","میدان منیریه","ابراهیم","رضازاده","6516539032"
"8000000257","6395999000000250","IR821283071118000000257","سپرده","88950298","تهران-خیابان دكتر فاطمی-نرسيده به سه راه كالج-جنب كوچه 6","میدان فاطمی","لاله","جعفری","8913070391"
"5000000445","5028063000000440","IR266034519465000000445","سپرده","77940474","تهران-میدان نبوت-خیابان جانبازان غربی-شهرداری منطقه 8-پلاک 2","نبوت","شهرناز","فریدونی","5895277181"
"7000000375","6280239000000370","IR889285459727000000375","جاری","44043860","تهران-خیابان آیت‌اله کاشانی-خیابان شاهین جنوبی-خیابان پیامبر غربی-نبش بلوار مطهری-پلاک 116","پیامبر","رضا","حسن پور","0720632438"
"5000000158","6037993000000150","IR653000406385000000158","سپرده","66480867","تهران-خیابان انقلاب -خیابان وصال شیرازی-نرسیده به تقاطع طالقانی-پلاک 111","بزرگمهر","ژیلا","ابراهیمی","1150658914"
"3000000206","6037698000000200","IR987927026623000000206","جاری","22846200","تهران-خیابان پاسداران-نبش نگارستان پنجم-پلاک 139","ایستگاه مدرسه ضرابخانه","یاسمین","محمدزاده","9042475538"
"4000000285","6037699000000280","IR840542878414000000285","سپرده","66736111","تهران-خیابان امام خمینی-پلاک 61","ابزار یراق ","شهرزاد","علی نژاد","6822206177"
"2000000090","6037703000000090","IR728365486332000000090","سپرده","66892917","تهران-خیابان جیحون-بین خیابان مرتضوی و کمیل","جیحون","ازاد","محمدزاده","4691032987"
"5000000205","6037708000000200","IR985348850095000000205","سپرده","33707076","تهران-خیابان هفده شهریور شمالی","میدان خراسان","شروین","طباطبایی","8804202059"
"2000000243","6037703000000240","IR325619573842000000243","سپرده","22804529","تهران-میدان نوبنیاد-خیابان پاسداران","میدان نوبنیاد","جهانگیر","محمد نژاد","7715138385"
"1000000238","5028062000000230","IR728816159291000000238","پس انداز","88794551","تهران-خیابان ولیعصر-تقاطع میرداماد-ساختمان مرکزی اسکان-پلاک 17","میرداماد - اسکان","حسین","داوودی","9723930320"
"6000000213","6221068000000210","IR162326706676000000213","جاری","66362188","تهران-خيابان آزادی-نبش خيابان آذربايجان-شماره 332","آزادی","خجسته","خانی","4676977891"
"6000000287","6395993000000280","IR038683689896000000287","سپرده","66518162","تهران-ستارخان-سه راه تهران ويلا-روبروی مسجد المهدی-پلاک 474","ستارخان","دارا","محمدی","8558074496"
"9000000014","5892104000000010","IR926604401429000000014","جاری","88796410","تهران-خیابان ولیعصر-نرسیده به میدان ونک-جنب پل همت","توانیر ولی عصر","دامون","خانی","4913716759"
"4000000123","5892101000000120","IR445133569884000000123","پس انداز","33125772","تهران-خیابان ری-نرسیده به سه راه امین حضور-نبش کوچه آبشار غربی","سه راه امین حضور","دریا","منوچهری","9984409454"
"4000000407","6219866000000400","IR742109644634000000407","پس انداز","66976392","تهران-خیابان جمهوری-بین خیابان ولیعصر و خیابان شیخ هادی-شماره 852","خیابان جمهوری","فریدون","حسن زاده","5046741331"
"3000000164","6219861000000160","IR779859060303000000164","جاری","22359275","تهران-بلوار فرحزادی-نبش ارغوان غربی-مجتمع تجاری اریکه ایرانیان-پلاک 1","اریکه ایرانیان","کریم","شیروانی","8645555398"
"6000000098","5041729000000090","IR498001189876000000098","پس انداز","77731481","تهران-تهرانپارس-بلوار پروین-نبش 202 شرقی-پلاک 286","تهرانپارس","کریم","صفوی","1939297049"
"3000000345","6280236000000340","IR520472913383000000345","سپرده","66869937","تهران-خیابان امام خمینی(ره)-بین خیابان قصرالدشت و کارون-پلاک 962","امام خمینی","سجاد","احمدی","8085044563"
"9000000128","6280231000000120","IR398569272539000000128","پس انداز","77886602","تهران-خیابان گلبرگ شرقی-پلاک 128","گلبرگ شرقی","سمیه","باقری","9243134298"
"4000000294","6393463000000290","IR816153369424000000294","سپرده","88673738","تهران-بزرگراه رسالت-روبروی پارکینگ بیهقی-ساختمان بنیاد","بنیاد","سودابه","خیابانی","5657257437"
"8000000227","6037695000000220","IR408608797798000000227","پس انداز","55616822","تهران-خیابان پانزده خرداد-کوچه بازار مسگرها-پلاک دو","بازار مسگرها","مهتاب","عباسپور","6093377841"
"9000000353","6221065000000350","IR513611046999000000353","جاری","44732601","تهران-شهرک راه آهن بلوار اميرکبير-بعد از تقاطع گلها-شماره 61","شهرک راه آهن","مهرداد","علی نژاد","0076995989"
"4000000391","5028066000000390","IR525526360194000000391","سپرده","88804451","تهران-میدان ولیعصر-ضلع شمال شرقی-پلاک 10","میدان ولیعصر","بهراد","باقرزاده","4415414125"
"5000000380","5028060000000380","IR383629950645000000380","پس انداز","55058645","تهران-نازی آباد-میدان بهمنیار-ابتدای خیابان خالقی پور-پلاک 2","نازی آباد","گلناز","کاظم زاده","7018682003"
"9000000197","6104334000000190","IR682549680259000000197","سپرده","88712663","تهران-خیابان ولیعصر-خیابان سید جمال الدین اسد آبادی-<br>نبش خیابان یازدهم-پلاک 77","سید جمال الدین اسد آبادی","رضا","هرمی","6587748973"
"5000000104","6395994000000100","IR524366052895000000104","پس انداز","88797141","تهران-بلوار آفریقا-تقاطع ظفر-پلاک 1/174","بلوار آفریقا","سینا","سپهر","0764319491"
"9000000341","5892101000000340","IR360527309969000000341","سپرده","88837793","تهران-خیابان استاد مطهری-ابتدای خیابان شهید مفتح","دکتر مفتح","افسون","حسن زاده","2569308990"
"6000000359","6037704000000350","IR621862750546000000359","پس انداز","88793101","تهران-بلوارمیرداماد-ساختمان مالی و اداری دانشگاه خواجه نصیرالدین طوسی","خواجه نصیرالدین طوسی","البرز","مجیدی","7584386389"
"7000000297","6104334000000290","IR654279809327000000297","جاری","88452600","تهران-تقاطع خیابان استاد مطهری و خیابان سهروردی-پلاک 277","اندیشه سهروردی","بهنام","حسن زاده","3549494754"
"1000000175","6037990000000170","IR368037398521000000175","سپرده","44310945","تهران-بلوار آیت اله کاشانی-بلوار شهر زیبا-مقابل پارک","شهید کیائی نژاد","پویا","رضاپور","9819009846"
"3000000276","6104339000000270","IR105303207973000000276","سپرده","88899577","تهران-خیابان استادنجات الهی جنوبی-نرسیده به چهارراه سمیه-نبش کوچه شیرین","نجات الهی جنوبی","تهمینه","علی نژاد","6997648104"
"2000000216","6037698000000210","IR759392165202000000216","سپرده","66567058","تهران-میدان انقلاب-خیابان آزادی-خیابان جمالزاده جنوبی-نبش کوچه بیوکی-‌ پلاک 142","جمالزاده جنوبی","اتنا","سجادی","5559771743"
"6000000103","6037692000000100","IR779783488296000000103","سپرده","66183320","تهران-بزرگراه فتح-پلاک 752","بزرگراه فتح","اتوسا","ایتی","6134183932"
"7000000020","6037998000000020","IR492092592417000000020","پس انداز","44336661","تهران-شهران-بالاتر از فلکه دوم","شهران","فرامرز","ولی پور","8791346620"
"5000000233","6104330000000230","IR508173741225000000233","سپرده","76340070","تهران-گیلاوند-بلوار آیت اله خامنه ای-پلاک 2154","گیلاوند دماوند","فرشید","فریبرزی","0260932113"
"6000000129","6219869000000120","IR066002698816000000129","جاری","26117192","تهران-نیاوران-خیابان شهید باهنر-روبروی پارک باهنر-پلاک 148","نیاوران","تهمینه","محمد نژاد","9240045457"
"1000000231","6395998000000230","IR346739679791000000231","جاری","22137276","تهران-سعادت آباد-ميدان كاج سرو شرقی-خیابان علامه شمالی-بين خیابان 16و 18","علامه شمالی","روزبه","حکیمی","0988575463"
"1000000460","6221063000000460","IR194897568891000000460","سپرده","22686205","تهران-خيابان شريعتی-بالاتر از پل رومی-شماره 1833","پل رومی","نیلوفر","باقرپور","1444234357"
"1000000426","6395997000000420","IR748526805151000000426","سپرده","88659442","تهران-بالاتر از میدان ونک-خیابان عطار-عطار-پلاک 3","میدان عطار","یگانه","عسگرپور","6279263908"
"4000000246","5892102000000240","IR438377300934000000246","جاری","88717174","تهران-خیابان سیدجمال الدین اسدآبادی-جنب پارک شفق ( خیابان نوزدهم )","یوسف آباد","سوسن","تقوی","8105914841"
"5000000274","6104338000000270","IR652266789775000000274","پس انداز","88930737","تهران-خیابان استاد نجات الهی شمالی-بعداز خیابان ورشو-نبش کوچه هشتم","استاد نجات الهی شمالی","سیمین","اشراقی","7758258977"
"9000000324","5028063000000320","IR385987872309000000324","پس انداز","77803027","تهران-میدان رسالت-خیابان هنگام-خیابان شهید محمد طاهر خانی-شهرداری منطقه 4-پلاک 1","شهید قنبری","شروین","سالاری","0188081859"
"9000000258","5028064000000250","IR948492867419000000258","سپرده","55185212","تهران-میدان بهمن-خیابان شهید علیرضا وفایی-شهرداری منطقه 16","پارک بهمن","شکوه","عبدلی","4637493851"
"7000000204","6104330000000200","IR759883732277000000204","جاری","33911965","تهران-خیابان جمهوری اسلامی-نرسیده به میدان بهارستان","میدان بهارستان","جعفر","محمد پور","9693987977"
"8000000071","6104339000000070","IR422210641138000000071","جاری","56693360","تهران-ابتدای محله نوری-روبروی مجتمع میلاد نور","اسلامشهر","جهان","فریبرزی","8313862240"
"2000000000","6104330000000000","IR812878535312000000000","پس انداز","55353522","تهران-نازی آباد-بازار دوم-خیابان مدائن-پلاک 122","نازی آباد","فیروزه","مددی","9525714732"
"6000000013","6280230000000010","IR559347146066000000013","پس انداز","22425396","تهران-خیابان ولنجک-پلاک 7","ولنجک","ژیلا","نقی زاده","2945732591"
"8000000173","6219861000000170","IR368562443878000000173","جاری","22378856","تهران-سعادت‌آباد-ميدان فرهنگ-بلوار 24 متری -نبش 4 غربی-پلاک 18","24 متری سعادت آباد","پدرام","مرتضوی","1218004998"
"3000000475","6104332000000470","IR302340522833000000475","پس انداز","77929256","تهران-نارمک-خیابان شهید دکتر آیت-نرسیده به میدان نبوت-ایستگاه بیمه-پلاک 441","نبوت","پرهام","زارع","7134234368"
"4000000250","6221065000000250","IR213175617094000000250","جاری","88242408","تهران-کوی نصر (گيشا)-نبش خيابان بيستم-شماره 105","کوی نصر","پیام","ولی پور","4964599655"
"2000000117","6037692000000110","IR552429827212000000117","جاری","33114412","تهران-خیابان امیر کبیر-پلاک 458","امیرکبیر","تهمینه","رضایی","4723974447"
"8000000249","6037707000000240","IR371832522048000000249","سپرده","33138907","تهران-خیابان شهید مصطفی خمینی. ","امام علی","اتنا","موسی زاده","6484515034"
"2000000215","5028069000000210","IR640186261672000000215","پس انداز","22394740","تهران-الهیه-چهارراه حسابی-خیابان حسن اکبری-نبش خیابان آقا بزرگی-پلاک 88","الهیه- آقا بزرگی","ماکان","کرمی","9881715631"
"5000000046","6280236000000040","IR822665346205000000046","پس انداز","22294271","تهران-سه‌راه اقدسیه-ابتدای بلوار ارتش-پلاک 13","اقدسیه","ماندانا","گلپایگانی","1844498054"
"3000000086","6393460000000080","IR564501195193000000086","پس انداز","86090650","تهران-شهرک غرب-میدان صنعت-ابتدای بلوار فرحزادی-نبش خیابان سیمای ایران-مجتمع مهستان(ارم)-طبقه همکف-واحد یک","میدان صنعت","محمد","علی نژاد","8998201183"
"6000000015","6037993000000010","IR810619997796000000015","سپرده","66412501","تهران-خیابان آیت اله طالقانی-خیابان آیت اله طالقانی-جنب بیمارستان کودکان-پلاک 444","وحدت","شهرناز","حسین زاده","3920558157"
"3000000268","6037700000000260","IR735687008223000000268","سپرده","88971536","تهران-خیابان سید جمال الدین اسدآبادی","سید جمال الدین اسدآبادی","شیدا","رحیمی","1812670405"
"6000000480","6037696000000480","IR177026455536000000480","پس انداز","77336005","تهران-خیابان دماوند-بالاتر از سه راه تهرانپارس-پلاک 204","جاده مازندران","نوشین","محمدزاده","3558699097"
"5000000083","6037708000000080","IR588367165545000000083","سپرده","22225000","تهران-بلوارمیرداماد-بین میدان مادر و مسجد الغدیر","میرداماد","نیما","عسگرپور","0479816389"
"2000000153","6221069000000150","IR564398410042000000153","سپرده","33951122","تهران-پامنار-نبش خيابان مشير خلوت-شماره 125","بلوار آفريقا","شهربانو","فتحی","1647308624"
"2000000166","6104338000000160","IR797364852752000000166","پس انداز","55050165","تهران-میدان بهمن-خیابان دشت آزادگان-روبروی فرهنگسرای بهمن-پلاک 15","فرهنگسرای بهمن","ارشام","مددی","0703084346"
"7000000230","6280237000000230","IR200303670857000000230","سپرده","55725278","تهران-خیابان ابوذر (فلاح)-پلاک 614","ابوذر فلاح","سوسن","باقری","5828760144"
"7000000154","5892108000000150","IR423864053677000000154","پس انداز","44489160","تهران-میدان پونک-بلوار میرزابابایی-نبش کوچه پاک-پلاک 1","پونک تهران","ستایش","شیروانی","0651460745"
"7000000040","6280231000000040","IR942609855727000000040","سپرده","77581817","تهران-چهارراه گلچین-پلاک 457","شهید مدنی","سجاد","حسن زاده","0284623489"
"8000000142","6037997000000140","IR677608301938000000142","پس انداز","66432799","تهران-توحید-خیابان توحید-نبش خیابان نیایش شرقی-پلاک 26","خیابان توحید","نکیسا","علیزاده","7381333597"
"9000000099","6037702000000090","IR915669828599000000099","سپرده","88539810","تهران-خیابان احمدقصیر-نبش کوچه چهاردهم","احمد قصیر","مطهره","ابریشمی","9727431994"
"2000000260","5892106000000260","IR024081666542000000260","پس انداز","88717174","تهران-خیابان سیدجمال الدین اسدآبادی-جنب پارک شفق ( خیابان نوزدهم )","یوسف آباد","مهدی","مهدی پور","7688539815"
"5000000311","6037696000000310","IR414239936825000000311","پس انداز","33157276","تهران-خیابان افسریه-خیابان پانزده متری اول-نبش کوچه هشتم-پلاک 685 ","اسلام آباد افسریه","بهراد","صادق زاده","3624678380"
"3000000159","5892108000000150","IR994342872813000000159","پس انداز","22828861","تهران-نیاوران-خیابان باهنر","خیابان باهنر تهران","بهرام","امیری","2487530003"
"6000000272","6037695000000270","IR714021775026000000272","جاری","33900062","تهران-خیابان پامنار جنوبی-پلاک 18","پامنار جنوبی","بهنوش","یوسفی","0454114960"
"6000000458","6104331000000450","IR313763016316000000458","جاری","66702070","تهران-خیابان حافظ-پائین تراز خیابان جمهوری اسلامی","بورس تهران","پگاه","پورمحمدی","3533334716"
"6000000059","6104337000000050","IR171948671636000000059","پس انداز","33128349","تهران-خیابان هفده شهریور-میدان شهداء","میدان شهداء","مانی","عزیزی","5708137031"
"9000000232","6037706000000230","IR623196053169000000232","سپرده","88289343","تهران-بزرگراه جلال آل احمد-ابتدای شهرآرا","شهرآرا","محمد حسین","داوودی","2988480825"
"1000000003","6104338000000000","IR977907109011000000003","پس انداز","88970093","تهران-بلوارکشاورز-بعد از میدان ولیعصر(عج)-بعد از چهارراه فلسطین-پلاک 112","بلوار کشاورز","محمد رضا","رضایی","3878770441"
"2000000193","6104337000000190","IR440141604512000000193","جاری","36233714","تهران-خیرآباد-چهارراه نخل","خیرآباد ورامین","شیوا","قاضی","9293833738"
"6000000478","5028065000000470","IR898738018966000000478","پس انداز","56790181","تهران-پرند-میدان استقلال-بلوار جمهوری-روبروی مسجد جامع.","پرند","فرشته","سجادی","4364737595"
"7000000224","6395998000000220","IR390112926577000000224","جاری","33821626","تهران-20 متری افسریه-15 متری دوم-نبش خیابان 38-پلاک 723","افسریه شمالی","رکسانا","صدیقی","3645370203"
"8000000293","6395991000000290","IR537191691398000000293","سپرده","26323047","تهران-بزرگراه رسالت-خیابان استاد حسن بنا.","استاد حسن بنا","زینب","علوی","2261200401"
"9000000118","6393469000000110","IR980029578019000000118","سپرده","66906656","تهران-خیابان فاطمی-تقاطع خیابان کارگر-بعد از چهارراه سین دخت-روبروی ساختمان شیلات","فاطمی","نگین","صدیقی","4344191203"
"7000000379","6395991000000370","IR610082132347000000379","سپرده","36295502","تهران-ورامین-خیابان مسجد جامع-روبروی کوچه شهید رضوانی دوست","ورامین","سوگل","محمدزاده","0558827301"
"9000000095","6219866000000090","IR375258396709000000095","پس انداز","66562615","تهران-میدان توحید-خیابان ستارخان-روبروی باقرخان-نبش کوچه ستایش-شماره 2.","ستارخان","شاهرخ","فتحی","3169617517"
"9000000033","5028069000000030","IR237327681759000000033","سپرده","51633256","تهران-خیابان کهریزک-محوطه داخلی بهشت زهرا","بهشت زهرا","محمد علی","موسوی","3248091043"
"2000000323","5892104000000320","IR854387645472000000323","پس انداز","88918566","تهران-میدان ولیعصر","میدان ولی عصر","فیروزه","علی ابادی","5716367729"
"7000000029","5028064000000020","IR624368443787000000029","سپرده","44755519","تهران-شهرک گلستان-خیابان امیرکبیر-تقاطع 45 متری کاج-پلاک 471","شهرک راه اهن","کاظم","یثربی","2749836579"
"1000000130","5892100000000130","IR991962295801000000130","سپرده","88049165","تهران-میدان ونک-خیابان ملاصدرا-بعد از چهارراه شیراز","خیابان ملاصدرا","کامبیز","تقی پور","2603070688"
"2000000362","6393464000000360","IR830121871982000000362","سپرده","33392660","تهران-خیابان فدائیان اسلام-پل سیمان-خیابان شهید محمدی-پلاک 326","فدائیان اسلام","ساسان","حکیمی","0786559959"
"3000000034","6219863000000030","IR171241737963000000034","سپرده","40446818","تهران-شهرک اکباتان-فاز یک-خیابان نفیسی-روبروی مخابرات-پلاک 59","شهرک اکباتان","ستوده","یثربی","3922458507"
"7000000357","6037998000000350","IR820859081747000000357","سپرده","33920399","تهران-خیابان 15 خرداد-اول خیابان پامنار-پلاک 36","پامنار","سعید","طباطبایی","3634186866"
"1000000289","5028068000000280","IR586824834361000000289","جاری","88306412","تهران-خیابان مطهری-ما بین خیابان سنائی و خیابان قائم مقام فراهانی-پلاک 354","مطهری-سنایی","نازنین","شیروانی","5094958732"
"2000000450","5028060000000450","IR252294848342000000450","جاری","55185212","تهران-میدان بهمن-خیابان شهید علیرضا وفایی-شهرداری منطقه 16","پارک بهمن","ناصر","نجفی","3697634884"
"2000000255","6104336000000250","IR313240390862000000255","سپرده","-55381005","تهران-خیابان ولیعصر-بالاتر از چهار‌راه معز السلطان-پلاک 527","مهدیه تهران","مروارید","ابراهیم نژاد","8561533357"
"6000000392","6037990000000390","IR413545097776000000392","پس انداز","88902449","تهران-طالقانی-خیابان آیت اله طالقانی-بین حافظ و نجات الهی-پلاک 142","خیابان ایت اله طالقانی","بامداد","باقراذری","9139430829"
"5000000096","6393467000000090","IR842042284495000000096","سپرده","88101972","تهران-خیابان اسد آبادی-بین خیابان های 12و 14","سید جمال الدین اسد آبادی","بهداد","احمدی","7117367588"
"3000000489","6221068000000480","IR597414686303000000489","پس انداز","44526369","تهران-تهرانسر-بلوار اصلی-شماره 278.","تهرانسر","بهداد","علی نژاد","4791803795"
"3000000039","6221067000000030","IR869758456293000000039","سپرده","66309007","تهران-چهار راه يافت آباد-بازار مبل ايران","بازار مبل ايران","مهران","احمدی","1516323033"
"8000000266","6037992000000260","IR881022620278000000266","جاری","33124542","تهران-میدان خراسان-ابتدای خیابان خراسان.","سلمان","علیرضا","بیهقی","3668763988"
"1000000302","6219866000000300","IR146664285011000000302","سپرده","66491075","تهران-خیابان ولیعصر-میدان منیریه-خیابان معیری-نبش بن بست ناظمی-پلاک 53","منیریه","بهرام","محمدی","6847211213"
"1000000152","6037691000000150","IR385487791891000000152","سپرده","77904160","تهران-میدان نارمک-خیابان شهید آیت-نبش خیابان جویبار غربی-پلاک 332","جویبار نارمک","اشکان","سالاری","9297810540"
"3000000284","5041724000000280","IR855914779823000000284","جاری","66073667","تهران-فرودگاه مهر آباد-ترمینال 2-جنب پارکینگ طبقاتی","فرودگاه مهرآباد","اشکان","موسوی","2725581031"
"4000000244","5028068000000240","IR396180030204000000244","سپرده","66294748","تهران-بزرگراه آیت اله سعیدی-بعد از چهارراه یافت آباد-شهرداری منطقه 18-پلاک 189","ایت اله سعیدی","الوند","گلپایگانی","6490820432"
"5000000161","6104335000000160","IR694982727475000000161","جاری","76340070","تهران-گیلاوند-بلوار آیت اله خامنه ای-پلاک 2154","گیلاوند دماوند","اناهیتا","موسوی","0199307805"
"9000000263","6221065000000260","IR773939310079000000263","پس انداز","77733007","تهران-تهرانپارس-بين فلکه دوم و سوم تهرانپارس-نبش خيابان شهيد طاهری-شماره 258.","بانک پارسیا فلکه سوم تهرانپارس","بیتا","ملکیان","6857685824"
"2000000446","6393463000000440","IR435663712662000000446","جاری","55335229","تهران-خیابان شهید رجایی-خیابان مدائن-نبش مجتمع تجاری مدائن","نازی آباد","ترانه","مهدوی","9189642885"
"5000000326","5041721000000320","IR874275529445000000326","پس انداز","66073667","تهران-فرودگاه مهر آباد-ترمینال 2-جنب پارکینگ طبقاتی","فرودگاه مهرآباد","اذین","عزیزی","1611918224"
"2000000235","6037999000000230","IR682626888752000000235","پس انداز","55349472","تهران-نازی آباد-تقاطع خیابان کارگر سامانی و برادران احدی-","چهارراه نیاکان","ارژنگ","احمدی","1308489139"
"2000000054","6037995000000050","IR426481832052000000054","پس انداز","66509071","تهران-ستارخان-خیابان ستارخان-روبروی خیابان باقرخان","خیابان ستارخان","لاله","اشتیانی","6119292928"
"8000000399","6393463000000390","IR480602510418000000399","سپرده","22034227","تهران-بلوار آفریقا-روبروی گلشهر-نبش خیابان مریم","بلوار آفریقا","شیرین","سالاری","8894406384"
"3000000384","6104331000000380","IR443139858103000000384","جاری","22504938","تهران-بزرگراه رسالت-مجیدیه جنوبی-ایستگاه علمداری-پلاک 480","مجیدیه","فرزاد","محمدپور","0368260058"
"7000000413","6104335000000410","IR810815378237000000413","پس انداز","77693235","تهران-خیابان دماوند-خیابان تهران نو-ایستگاه پل-<br>نبش خیابان مسیل باختر-پلاک 739","پل تهران نو","فرشاد","برزگری","5048994299"
"9000000183","5892103000000180","IR120316871729000000183","سپرده","33111966","تهران-خیابان امیرکبیر-چهارراه سرچشمه-پاساژ امیرکبیر","سرچشمه","روشنک","مددی","8903533633"
"2000000223","6037709000000220","IR822782419112000000223","جاری","88377915","تهران-شهرک غرب-بلوار شهید دادمان-نبش خیابان جهاد","دادمان","ریحانه","محمد پور","2539934366"
"4000000428","6221061000000420","IR553503429604000000428","جاری","77431641","تهران-خيابان پيروزی-خيابان پنجم نيروی هوایی-فلکه دوم نيروی هوایی-شماره 23","فـلکه دوم نيروی هوايی","زهرا","مرتضوی","9234373054"
"7000000026","6037692000000020","IR190863151097000000026","جاری","66022667","تهران-خیابان بیست و یک متری جی-پلاک 67","بیست و یک متری جی","هستی","فیضی","6438512329"
"1000000212","5028066000000210","IR987989515661000000212","سپرده","77001298","تهران-حکیمیه-بلوار بهار-پلاک 143","حکیمیه","ارمین","تقی پور","2461697595"
"5000000074","5028068000000070","IR652961416545000000074","جاری","88981238","تهران-میدان ولیعصر-بلوار کشاورز-بعد از خیابان فلسطین-ساختمان فرهنگی هنری شهرداری-نبش کوچه دائمی-پلاک 1","بلوار کشاورز","ارمینه","جعفرزاده","4053065598"
"7000000007","6037702000000000","IR392263051307000000007","جاری","88232324","تهران-بزرگراه جلال آل احمد-نبش خیابان پاتریس لومومبا","مرکزی تهران","ازاد","مهدوی","0218772437"
"8000000156","5041725000000150","IR785487019638000000156","سپرده","66073667","تهران-فرودگاه مهر آباد-ترمینال 2-جنب پارکینگ طبقاتی","فرودگاه مهرآباد","داریوش","فیضی","0116355283"
"6000000369","6037999000000360","IR591511647296000000369","جاری","22227540","تهران-شریعتی-روبروی حسینیه ارشاد","حسینیه ارشاد","سالار","انصاری فرد","0710058079"
"5000000481","6037697000000480","IR078215406015000000481","پس انداز","22551135","تهران-خیابان پاسداران-خیابان شهید کلاهدوز-خیابان اختیاریه جنوبی-پلاک 242","اختیاریه جنوبی","نقی","تقی پور","6734992848"
"9000000058","5028060000000050","IR578424287429000000058","جاری","55083616","تهران-میدان شوش-خیابان شهید صابونیان-پلاک 75","شهید صابونیان","مهدی","باقرزاده","7211439995"
"5000000115","6280230000000110","IR562751862015000000115","پس انداز","88381760","تهران-خیابان طالقانی-روبروی لانه جاسوسی","طالقانی","شاهین","عباسپور","0376721181"
"5000000465","6280230000000460","IR571211318355000000465","جاری","44952376","تهران-بلوار فردوس-نبش خیابان ابراهیمی-پلاک 418","بلوار فردوس","فرشید","فریبرززاده","9174137773"
"5000000334","6037706000000330","IR045540540195000000334","پس انداز","22866492","تهران-خیابان شریعتی-سید خندان. ","سید خندان","پیرزاد","کاظمی","2779676956"
"4000000229","6219867000000220","IR367156843784000000229","جاری","88906178","تهران-خیابان ولیعصر-بالاتر از میدان ولیعصر-نرسیده به کوچه ناصر-پلاک 1777","ولیعصر","البرز","باقرپور","6802929767"
"1000000424","6280236000000420","IR369780801391000000424","سپرده","88240474","تهران-میدان اصلی شهرآرا-خیابان آرش مهر-ضلع غربی پارک شهرآرا","شهرآرای","اهو","علیزاده","8193855790"
"9000000431","5892107000000430","IR454221952789000000431","پس انداز","88918566","تهران-میدان ولیعصر","میدان ولی عصر","بهنوش","خانی","6226325799"
"7000000134","5041726000000130","IR638480693267000000134","پس انداز","88192246","تهران-خیابان ولیعصر(عج)-تقاطع میر داماد-مجتمع تجاری اسکان-واحد 12","اسکان","اذین","گلپایگانی","6151411449"
"9000000108","5028069000000100","IR380995961619000000108","جاری","66135239","تهران-خیابان آیت اله سعیدی-خیابان یافت آباد شرقی-پلاک 124","بازار مبل یافت آباد","گودرز","سعیدی","4909507410"
"8000000281","6395999000000280","IR268661170198000000281","سپرده","88755073","تهران-خیابان سهروردی شمالی-خیابان شهید قندی غربی-نبش کوچه 26-پلاک 47","شهید قندی","گودرز","شکاری","2805046487"
"3000000122","6395994000000120","IR009163914023000000122","سپرده","88053286","تهران-بزرگراه سئول-تقاطع شهيد ياسمی","سئول","طاهره","رضاپور","6176166887"
"1000000254","6219863000000250","IR935350240261000000254","پس انداز","55575739","تهران-بازار-خیابان 15 خرداد غربی-بین چهارراه گلوبندک و ابوسعید-پلاک 681","بازار","فاطمه","کاظم زاده","4020661203"
"9000000498","6104338000000490","IR552672855539000000498","سپرده","33851121","تهران-شهرک خاور شهر-خیابان موحد دانش-پلاک 51","خاورشهر","رامتین","سجادی","4169771900"
"5000000355","6221066000000350","IR107387609665000000355","سپرده","55482728","تهران-خيابان وليعصر-بالاتر از پل امير بهادر-شماره 622.","اميريه","ژاله","مددی","4657221489"
"2000000457","5028060000000450","IR587316945012000000457","جاری","44009232","تهران-خیابان آیت اله کاشانی-شهرداری منطقه 5-پلاک 163","ایت اله کاشانی","نوید","مجیدی","3954516994"
"4000000145","6037694000000140","IR327372913204000000145","پس انداز","44458070","تهران-بلوار آیت اله کاشانی-خیابان جنت آبادجنوبی-بین لاله و میدان چهار باغ-پلاک 109","جنت آباد","یاسمین","کرمی","2435255894"
"8000000201","6280236000000200","IR838089547478000000201","پس انداز","66628710","تهران-بلوار یافت آباد-پلاک 83","یافت آباد","سوسن","سجادی","4677384483"
"7000000414","6393466000000410","IR839447910457000000414","پس انداز","66906656","تهران-خیابان فاطمی-تقاطع خیابان کارگر-بعد از چهارراه سین دخت-روبروی ساختمان شیلات","فاطمی","سوسن","عسگری","4730955145"
"4000000035","6221065000000030","IR278961978144000000035","پس انداز","22321600","تهران-استاد حسن بنا-پايين تر از ميدان ملت-بعد از سه راه پياله-شماره 784.","شمس آباد","جواد","مهدی زاده","0206893056"
"1000000132","6219867000000130","IR887108571941000000132","سپرده","22732139","تهران-میدان تجریش-خیابان شهرداری-پلاک 81","میدان تجریش","دامون","اصفهانی","6354571717"
"7000000125","5028062000000120","IR605503261837000000125","سپرده","66816212","تهران-بزرگراه فتح-بعد از میدان شیرپاستوریزه-پلاک 242","سه راه فتح","فریبا","جعفرزاده","6215940267"
"5000000005","5028069000000000","IR462490346855000000005","پس انداز","26142240","تهران-بزرگراه رسالت-بعد از خیابان کرمان-پلاک 818","رسالت - کرمان","فیروزه","نجفی","9343315193"
"7000000168","5892102000000160","IR073211411827000000168","جاری","44208461","تهران-خیابان ستارخان-فلکه اول صادقیه","فلکه صادقیه","کتایون","محمدی","4491712952"
"4000000180","6037707000000180","IR483204840764000000180","پس انداز","22808377","تهران-خیابان شهید باهنر-ایستگاه خوزستان","نیاوران","کیوان","محمد پور","3706981563"
"5000000273","5028066000000270","IR584582982845000000273","جاری","22896808","تهران-ابتدای خیابان پاسداران-میدان فرخی یزدی-نبش کوچه دوم-پلاک 19","فرخی یزدی","سامان","حکمت","9047729103"
"9000000452","6393461000000450","IR518077080789000000452","جاری","88556201","تهران-خیابان شهید بهشتی-بین قائم مقام و خیابان خالد اسلامبولی-پلاک 289","شهید بهشتی","مهیار","محمد پور","1088222978"
"1000000080","6037993000000080","IR576621409981000000080","سپرده","66900027","تهران-رودکی-خیابان آزادی-چهارراه سلسبیل شمالی-روبروی راهنمایی و رانندگی","خیابان سلسبیل شمالی","نسرین","باقرپور","1073413745"
"3000000377","6037998000000370","IR958347440033000000377","سپرده","88933569","تهران-میدان ولیعصر-بالاتر از سینما آفریقا-نرسیده به زرتشت-پلاک 702","فرخی","محمود","مهاجرانی","0046340144"
"1000000495","6037692000000490","IR576330623861000000495","سپرده","33157276","تهران-خیابان افسریه-خیابان پانزده متری اول-نبش کوچه هشتم-پلاک 685 ","اسلام آباد افسریه","مرضیه","محمدزاده","1092129246"
"2000000409","6104339000000400","IR633846296592000000409","سپرده","66057406","تهران-خیابان آزادی-مقابل دانشگاه صنعتی شریف-نبش کوچه حیدرتاش-پلاک 240","آزادی","مریم","داوودی","5178182035"
"2000000149","5028066000000140","IR873877541882000000149","پس انداز","88559069","تهران-خیابان ولیعصر-نرسیده به پارک ساعی-پلاک 2196","ولیعصر - پارک ساعی","منوچهر","حسن زاده","9174206247"
"7000000327","6037996000000320","IR757243808847000000327","جاری","55383011","تهران-ولیعصر (عج)-خیابان ولیعصر نرسیده به میدان منیریه-سر پل امیر بهادر","امیریه","بهشاد","علی نژاد","1152601521"
"6000000386","6219863000000380","IR756939466436000000386","جاری","26117192","تهران-نیاوران-خیابان شهید باهنر-روبروی پارک باهنر-پلاک 148","نیاوران","ارش","صادقی","2037992645"
"6000000432","6221064000000430","IR407661784936000000432","پس انداز","22720007","تهران-ميدان جريش-ميدان قدس-خيابان دربند-شماره 47","دربند","بهنوش","محمدزاده","1978593490"
"9000000097","6104333000000090","IR078168092169000000097","سپرده","77461713","تهران-خیابان دماوند-بالاتر ازچهارراه خاقانی-ایستگاه داریوش-پلاک 1896","تهران شرق","بیتا","جعفری","6786535410"
"2000000411","6104330000000410","IR470440172562000000411","سپرده","55353522","تهران-نازی آباد-بازار دوم-خیابان مدائن-پلاک 122","نازی آباد","پردیس","حسنی","6772388052"
"2000000065","6280239000000060","IR139061889082000000065","جاری","77250299","تهران-خیابان دماوند-پلاک 801","تهران نوی","پژمان","اهی","7978514677"
"2000000077","5028060000000070","IR953848561302000000077","پس انداز","22905888","تهران-خیابان شریعتی-پایین تر از حسینیه ارشاد-شهرداری منطقه 3-پلاک 4718","حسینیه ارشاد","اذین","رضازاده","7752442616"
"4000000316","6104338000000310","IR295986108534000000316","سپرده","66741824","تهران-خیابان جمهوری اسلامی-چهارراه یوسف آباد","جمهوری - پل حافظ","ارتمیس","کریمی","3753842456"
"7000000105","6219862000000100","IR190025908487000000105","پس انداز","26219547","تهران-خیابان نلسون ماندلا (جردن)-بالاتر از خیابان اسفندیار-نبش شمالی خیابان سعیدی-پلاک 158","آفریقا شمالی","ارزو","کیانی","1296269903"
"9000000138","6221063000000130","IR175815311109000000138","سپرده","88336681","تهران-کارگر شمالی-بالاتر از تقاطع جلال آل احمد-بين کوچه 10 و 11-پلاک 547","کوی دانشگاه","رامبد","حسین زاده","9974281588"
"5000000443","6221067000000440","IR684355516275000000443","پس انداز","22667471","تهران-خيابان وليعصر-خيابان مقدس اردبيلی-شماره 36","مقدس‌ اردبيلی","وحید","یوسفی","6188994301"
"8000000253","6221067000000250","IR157046347758000000253","سپرده","55030304","تهران-خانی آباد نو ميدان بوعلی سينا-خيابان ميعاد شمالی-شماره 401","خانی آباد نو","ارمینه","خانی","9910558997"
"8000000279","5041723000000270","IR960662743068000000279","پس انداز","33113525","تهران-میدان امام خمینی(ره)-خیابان ملت-روبروی کوچه تابان","ملت","سوگل","رضاپور","4368640000"
"1000000499","6104334000000490","IR011707495771000000499","سپرده","55606040","تهران-خیابان پانزده خرداد-چهارراه ابوسعید-جنب کوچه داداش زاده","پانزده خرداد غربی","جمشید","داوودی","2666093072"
"9000000220","6393462000000220","IR273310350789000000220","پس انداز","26420309","تهران-خیابان شریعتی-خیابان شهید دستگردی (ظفر سابق)-بین خیابان گوی آبادی و خیابان کازرون-پلاک 118","ظفر","فریبا","باقراذری","2599397687"
"4000000189","6395996000000180","IR459368654354000000189","جاری","88417771","تهران-خیابان سهرودی شمالی-بین اندیشه 2 و 3-پلاک 427","سهروردی شمالی","ستایش","اصفهانی","0260325024"
"8000000137","6104335000000130","IR738879250818000000137","سپرده","33960933","تهران-خیابان سعدی شمالی","سعدی شمالی","سجاد","خانی","9330833506"
"8000000262","5892105000000260","IR204861410318000000262","جاری","77601224","تهران-خیابان طالقانی-نرسیده به خیابان دکترشریعتی","طالقانی شرقی","ناهید","محمدزاده","1817594646"
"1000000242","6104331000000240","IR457983356981000000242","جاری","55669586","تهران-میدان رازی-خیابان رباط کریم-خیابان انبار نفت-پلاک 269","هلال احمر","نسرین","محمدی","7423909527"
"6000000383","6037694000000380","IR537393665026000000383","سپرده","55616822","تهران-خیابان پانزده خرداد-کوچه بازار مسگرها-پلاک دو","بازار مسگرها","مهران","محمدپور","3373382900"
"5000000169","6037701000000160","IR927080780225000000169","سپرده","88612122","تهران-ملاصدرا-نبش چهارراه شیراز","ملاصدرا","مهشید","باقرزاده","6152620954"
"7000000356","6104338000000350","IR247701855327000000356","پس انداز","33914779","تهران-خیابان فردوسی-چهارراه اسلامبول","اسلامبول","بابک","طباطبایی","8855641908"
"5000000269","6395992000000260","IR538182962635000000269","پس انداز","88053286","تهران-بزرگراه سئول-تقاطع شهيد ياسمی","سئول","باران","کیانی","3832270836"
"1000000267","6037693000000260","IR677096121671000000267","سپرده","22038288","تهران-خیابان ولیعصر (عج)-خیابان شهید فیاضی-کوچه مریم شرقی-پلاک 66","پرفسور حسابی","بهزاد","محمدی","6564058077"
"4000000174","6280233000000170","IR474003726714000000174","پس انداز","88243607","تهران-خیابان کوی نصر-نبش خیابان دوازدهم-پلاک 89","کوی نصر","محمد","دارایی","9097957168"
"1000000022","6280231000000020","IR388421909101000000022","جاری","55746611","تهران-خیابان قزوین-دوراهی‌قپان-خیابان فرهنگ-پلاک 945","اذری","افسر","باقرزاده","7281678398"
"9000000182","6393469000000180","IR005007894939000000182","سپرده","77723080","تهران-خیابان آیت اله خوشوقت-بین فلکه اول و چهارراه تیرانداز-نبش خیابان 156","تهرانپارس","امیر","یوسفی","1258732150"
"8000000298","6219865000000290","IR382707563078000000298","جاری","88363818","تهران-سعادت‌آباد-بلوار دريا-نبش خیابان رامشه-شماره 50","بلوار دریا","انوش","تقوی","6023928537"
"6000000056","6037691000000050","IR506775154266000000056","پس انداز","66928735","تهران-خیابان اسکندری شمالی-بالاتر از خیابان آزادی-نبش کوچه صهبا-پلاک 29","اسکندری شمالی","پردیس","کریمی","0825936572"
"4000000486","6037999000000480","IR380871644244000000486","جاری","33911414","تهران-15 خرداد-خیابان 15 خرداد-روبروی سبزه میدان","بازار","پروانه","رحیمی","7508575196"
"9000000126","6221065000000120","IR034685691849000000126","سپرده","66550650","تهران-خيابان ستارخان-خيابان شادمهر-شماره 262.","شادمهر","پیام","سجادی","3565260523"
"8000000063","6395997000000060","IR952377072468000000063","سپرده","44698071","تهران-خیابان معراج-ابتدای خیابان پرواز-جنب پليس فرودگاه مهرآباد","فرودگاه مهرآباد","تقی","موسی زاده","9292830094"
"3000000084","5892106000000080","IR957722734863000000084","پس انداز","66652783","تهران-جاده قدیم کرج ( بزرگراه فتح )-چهل و هفت متری فتح-روبروی سه راه شادآباد","صنعتی تهران","ابراهیم","خیابانی","6742300472"
"8000000462","6221065000000460","IR214014049698000000462","سپرده","22623212","تهران-خيابان شريعتی-بالاتر از خيابان کلاهدوز-شماره 1608","قلهک","ارام","قاضی","7757442622"
"7000000209","5892104000000200","IR979987225957000000209","سپرده","55588164","تهران-چهارراه مولوی-خیابان مولوی-به سمت میدان محمدیه-بعد از بازار حضرتی-پلاک 347","چهارراه مولوی","مجید","رضاپور","3123345802"
"7000000222","6037998000000220","IR860895513887000000222","جاری","66480466","تهران-خیابان پاستور-نبش خیابان 12 فروردین-پلاک 90","پاستور","شهناز","کاظمی","6415951312"
"5000000332","6221067000000330","IR732279723875000000332","جاری","77346084","تهران-تهرانپارس-خيابان جشنواره-خيابان زهدی-شماره 315","امين","فرزاد","مهاجرانی","6670526284"
"3000000089","6393461000000080","IR907491211883000000089","سپرده","44231306","تهران-خیابان ستارخان-ضلع غربی پل ستارخان","ستارخان","فرشید","محمد پور","0376054098"
"6000000456","5028069000000450","IR835069401206000000456","پس انداز","33907075","تهران-خیابان پانزده خرداد شرقی-بعد از خیابان پامنار-پلاک 361","پانزده خرداد شرقی","رامبد","ابریشمی","4245535078"
"6000000109","5028065000000100","IR445526625016000000109","جاری","22238217","تهران-خیابان شریعتی-نرسیده به خیابان موسیوند-پلاک 1839","شریعتی - پل رومی","ریحانه","مهاجرانی","2840673270"
"5000000315","6037706000000310","IR454204348785000000315","پس انداز","66635988","تهران-بزرگراه آیت اله سعیدی-چهارراه یافت آباد-نبش خیابان معلم","جاویدالاثر عباس کهن","ارغوان","هادی زاده","7396136554"
"6000000473","5028065000000470","IR324461087046000000473","سپرده","88620351","تهران-اتوبان همت شرق-برج میلاد","برج میلاد","ارمیتا","مهدوی کیا","1033742152"
"1000000335","6221065000000330","IR352711694161000000335","سپرده","77162797","تهران-خيابان سی متری نيرو هوايی-نبش کوچه 38/7-شماره 327","سی متری نيروی هوايی","سیمین","خیابانی","6640129792"
"4000000389","6395994000000380","IR799835683884000000389","پس انداز","55709411","تهران-بیست متری ابوذر-بعد از عیوض خانی-پلاک 352","20 متری ابوذر","شهاب","ایتی","1238112742"
"9000000107","6104338000000100","IR026262596269000000107","پس انداز","55209240","تهران-پالایشگاه مرکزی تهران","پالایشگاه تهران","شهرام","مهدی زاده","6943615121"
"4000000344","5028063000000340","IR889485270054000000344","سپرده","22905888","تهران-خیابان شریعتی-پایین تر از حسینیه ارشاد-شهرداری منطقه 3-پلاک 4718","حسینیه ارشاد","جعفر","اصفهانی","5164408949"
"7000000225","6221060000000220","IR154820813687000000225","پس انداز","88987535","تهران-خيابان دکتر فاطميی-رو بروی خيابان حجاب.","لاله","کتایون","گنجی","3952297426"
"4000000078","6104339000000070","IR195693599034000000078","جاری","88064282","تهران-خیابان سیدجمال الدین اسد آبادی-بالاتر از میدان فرهنگ-پلاک 341","میدان فرهنگ","سالار","رضازاده","1473661139"
"6000000488","6221062000000480","IR403905943786000000488","پس انداز","88616421","تهران-پايين تر از ميدان شيخ بهايی-نبش خيابان شهيد کوليوند-شماره 136","شيخ بهايی","سالار","فاطمی پور","6748795840"
"9000000300","6037693000000300","IR895429490479000000300","جاری","77357094","تهران-خیابان تهرانپارس-خیابان 196 شرقی","بلوار شاهد","سودابه","پورمحمدی","2235874207"
"4000000382","5028067000000380","IR602714885904000000382","پس انداز","88042310","تهران-خیابان شیخ بهائی شمالی-شهرک والفجر-ابتدای خیابان دهم-شهرداری منطقه 6-ناحیه 6-پلاک 16","شهرک والفجر تهران","مهناز","ابراهیمی","4095914387"
"6000000365","6221060000000360","IR748788202976000000365","سپرده","22667471","تهران-خيابان وليعصر-خيابان مقدس اردبيلی-شماره 36","مقدس‌ اردبيلی","مهیار","رضایی","8764254743"
"8000000048","6037708000000040","IR690448359088000000048","پس انداز","77603982","تهران-خیابان انقلاب-چهارراه گرگان","چهارراه گرگان شهید نامجو","موسی","محمدی","3991490248"
"5000000394","6395993000000390","IR033450720615000000394","پس انداز","77213080","تهران-میدان نبوت-خیابان شهید آیت-پلاک 623","میدان نبوت","ناهید","محمدپور","2915558885"
"5000000278","6393461000000270","IR907610811725000000278","جاری","33322221","تهران-خیابان پیروزی‌-بین چهارراه کوکاکولا و خیابان محصل","پیروزی","نسترن","رضاپور","5197156922"
"1000000025","6037709000000020","IR711864213381000000025","سپرده","88663135","تهران-خیابان گاندی-خیابان چهارم","گاندی","مهران","حسین پور","3677450710"
"2000000075","6395999000000070","IR875547610482000000075","پس انداز","22752751","تهران-خیابان شريعتی-نرسيده به ميدان قدس-نبش كوچه رفعت-پلاک 1989-طبقه همكف","میدان قدس","مهرداد","عباسپور","1290595086"
"1000000336","5028069000000330","IR137870700011000000336","سپرده","22405529","تهران-زعفرانیه-خیابان آصف-نبش کوچه بهزادی-پلاک 52","زعفرانیه","بابک","موسوی","7599719208"
"6000000211","6037704000000210","IR122571178346000000211","جاری","88539810","تهران-خیابان احمدقصیر-نبش کوچه چهاردهم","احمد قصیر","باقر","عباسپور","2192551410"
"9000000053","6280235000000050","IR658690568179000000053","پس انداز","55064863","تهران-خیابان شهید بخارائی-فلکه خزانه-پلاک 12","شهید بخارائی","بنفشه","عزیزی","4077432911"
"9000000427","6037706000000420","IR760825051809000000427","پس انداز","88627628","تهران-خیابان سید جمال‌الدین اسدآبادی-نبش خیابان 53","نارنجستان یوسف آباد","بهاره","تقی پور","9606477892"
"1000000081","6221061000000080","IR682947914571000000081","سپرده","55068032","تهران-نازی آباد-خيابان مدائن-نبش خيابان شهيد عباس اوجانی-شماره 16","نازی آباد","امین","علیزاده","5872892649"
"7000000009","6395994000000000","IR638154770407000000009","سپرده","88647650","تهران-خیابان ولیعصر-بالاتر از میدان ونک-بعد از میرداماد-جنب بیمارستان ولیعصر ناجا","بیمارستان ولی عصر","پگاه","عسگری","8188168244"
"6000000185","5028060000000180","IR319300693456000000185","سپرده","22238217","تهران-خیابان شریعتی-نرسیده به خیابان موسیوند-پلاک 1839","شریعتی - پل رومی","پگاه","علی ابادی","9918961378"
"4000000291","6037998000000290","IR775517655974000000291","پس انداز","33133717","تهران-17 شهریور-چهارراه دوازه دولاب-پلاک 1080","چهارراه شمس","ابراهیم","گنجی","8349463485"
"9000000004","6037697000000000","IR132040426669000000004","پس انداز","88416713","تهران-خیابان شهید مدنی شمالی-چهارده متری لشگر","چهارده متری لشگر","گیتی","حسین پور","0552387148"
"9000000155","6395998000000150","IR670183524219000000155","جاری","44697992","تهران-شهرک اكباتان-بلوار شهيد نفيسی-روبروی دبيرستان عمویيان-ساختمان پويا","شهرک اکباتان","محمد حسن","کریمی","9544257831"
"6000000219","6280235000000210","IR619415818796000000219","پس انداز","55031900","تهران-خیابان شهید صمدی-نبش کوچه 48-پلاک 73","شهید صمدی","محمد حسین","اهی","8996046935"
"5000000151","6104335000000150","IR745535256075000000151","جاری","33769073","تهران-شهرری-شهرک دولت آباد-فلکه اول","دولت آباد","دلارام","قنبری","3339434851"
"7000000239","6037698000000230","IR787021244247000000239","جاری","33344170","تهران-خیابان صفای شرقی-انتهای خیابان پرواز","پرواز","زینب","رضازاده","9989839968"
"6000000188","6037996000000180","IR975492984296000000188","جاری","88828138","تهران-خیابان میرزای شیرازی-نبش خیابان نوزدهم-پلاک 181","خیابان میرزای شیرازی","هادی","مهدی پور","9517605918"
"9000000397","6104334000000390","IR739116804079000000397","جاری","55910982","تهران-خیابان فدائیان اسلام-نرسیده به سه‌ راه ورامین-پلاک 256","خیابان فدائیان اسلام","هادی","موسوی","1788551408"
"5000000012","5028061000000010","IR567717235475000000012","پس انداز","22438354","تهران-بلوار ولنجک-خیابان امیر آبادی-انتهای خیابان هجدهم-شهرداری منطقه 1-ناحیه 2-پلاک 18","ولنجک","سیروس","هادی زاده","1832281077"
"3000000337","5028062000000330","IR973773646523000000337","جاری","88875657","تهران-خیابان ولیعصر-بالاتر از میرداماد-پلاک 2533","ولی عصر – دستگردی","شکوه","نصیری","5624582623"
"9000000422","6037704000000420","IR901878614259000000422","جاری","77404200","تهران-خیابان پیروزی-خیابان پنجم نیروی هوایی-فلکه دوم نیروی هوایی","فلکه دوم نیرو هوایی","جعفر","فرهادی","8566911933"
"6000000135","5892104000000130","IR470127625256000000135","سپرده","66403800","تهران-خیابان ولیعصر-تقاطع خیابان طالقانی-جنب بیمارستان کودکان","طالقانی غربی","محمد رضا","محمد نژاد","1488711948"
"6000000042","5028063000000040","IR004890526936000000042","جاری","88836724","تهران-هفت تیر-خیابان قائم مقام فراهانی-بالاتر از میدان شعاع-پلاک 114","قایم مقام فراهانی","فریبا","هادی زاده","9514245337"
"9000000497","5892102000000490","IR571144039139000000497","جاری","88534247","تهران-خیابان شهید بهشتی-نبش خیابان سرافراز","سرافراز","کریم","رحمانی","3517051621"
"8000000308","5892109000000300","IR777136273658000000308","جاری","88534247","تهران-خیابان شهید بهشتی-نبش خیابان سرافراز","سرافراز","کیانوش","رضازاده","6164517474"
"1000000066","6395991000000060","IR620712658921000000066","پس انداز","33330591","تهران-خیابان پیروزی-سه راه سلیمانیه-پلاک 718","سه راه سلیمانیه","کیانوش","علوی","6214423245"
"8000000082","5028061000000080","IR811724288208000000082","پس انداز","66067052","تهران-خیابان آزادی-ما بین خیابان شهیدان و خیابان جیحون-ابتدای کوچه مشعوف-پلاک 378","آزادی - یادگار","سعید","مهاجرانی","6866962171"
"8000000055","6104332000000050","IR292343155918000000055","سپرده","55209240","تهران-پالایشگاه مرکزی تهران","پالایشگاه تهران","بامداد","فیضی","9563188781"
"9000000070","6219868000000070","IR099487666869000000070","جاری","66067882","تهران-خیابان آزادی-نبش خیابان آذربایجان-پلاک 1046","آذربایجان","بهار","فراهانی","6069003728"
"8000000496","6104335000000490","IR463445724718000000496","جاری","66400981","تهران-خیابان ولیعصر-چهارراه جمهوری اسلامی-ساختمان کشمیر-پلاک 1253"," <td style=""direction: ltr; "">چهار راه جمهوری","بهراد","باقراذری","2927484949"
"6000000286","6037702000000280","IR334645733976000000286","پس انداز","66925915","تهران-میدان انقلاب-ابتدای خیابان آزادی","میدان انقلاب","بهمن","ایتی","8675415836"
"1000000088","5028063000000080","IR039276582461000000088","پس انداز","66707589","تهران-خیابان وحدت اسلامی-میدان حسن آباد-پلاک 18","میدان حسن آباد","اشکان","نقی زاده","3642862769"
"9000000079","6037998000000070","IR893907311049000000079","پس انداز","55266262","تهران-بزرگراه آیت اله سعیدی-چهاردانگه-روبروی شهرک صنعتی-طبقه همکف تالارتندیس","چهاردانگه","اهو","اصفهانی","3599902982"
"8000000264","6037699000000260","IR085931768028000000264","پس انداز","77500282","تهران-خیابان انقلاب-ابتدای خیابان دکتر شریعتی-پلاک 349","پیچ شمیران","ایرج","فتحی","3829203049"
"6000000343","6104336000000340","IR032260475076000000343","جاری","66248905"," <td style=""direction: ltr; "">تهران-یافت آباد-بلوار الغدیر جنوبی-بعد از چهار‌راه قهوه خانه-پلاک 2","یافت آباد","پارسا","تقی پور","4446454988"
"8000000032","6221061000000030","IR144143164128000000032","جاری","22630360","تهران-خيابان شهيد فياضی (فرشته)-مجتمع تجاری اداری داريوش-شماره 51","فرشته","پرهام","ابراهیمی","6735637754"
"2000000139","6221062000000130","IR826627685172000000139","پس انداز","66688571","تهران-خيابان 45 متری زرند-نرسيده به سه راه آذری-شماره 231.","سه راه آذری","پرویز","فریدونی","8600343507"
"4000000191","6395998000000190","IR235867275704000000191","پس انداز","88889710","تهران-بالاتر از ميدان ونک-ميدان عطار-داخل ستاد فرماندهی ناجا","12 فروردین","پویا","قنبری","3136480253"
"7000000100","6104335000000100","IR924073815777000000100","سپرده","-55359786","تهران-ابتدای خیابان صابونیان-مجتمع تجاری ایرانیان-طبقه اول-واحد 1 و 2","بازار بلور ایران","ترانه","صادق زاده","5210655728"
"3000000214","6037699000000210","IR330201509683000000214","پس انداز","66924387","تهران-خیابان آزادی-خیابان جمالزاده شمالی-کوچه شهید صدوقی-پلاک 438","جمالزاده شمالی","ارشام","جعفری","3559084439"
"7000000106","6280237000000100","IR546666875177000000106","پس انداز","66904189","تهران-خیابان آزادی-خیابان بهبودی-پلاک 357","آزادی","فرزام","سجادی","2990544717"
"2000000455","6221062000000450","IR702969475962000000455","پس انداز","22116410","تهران-سعادت آباد-ميدان بهرود-مرکز تجاری پرواز-شماره 201","بهرود","فرزانه","تقی زاده","3422964937"
"7000000044","6393469000000040","IR651424608737000000044","جاری","44564761","تهران-تهرانسر-بلوار تهرانسر-نبش خیابان 13","تهرانسر","رامتین","محمدزاده","9622476355"
"6000000110","6393464000000110","IR427377994236000000110","پس انداز","22880374","تهران-خیابان پاسداران-بالاتر از سه راه ضرابخانه-روبروی نگارستان 10-نبش کوچه دعوی","پاسداران","روشنک","تقوی","3696153041"
"6000000177","6037698000000170","IR137266413216000000177","پس انداز","77904852","تهران-تقاطع چمن و سامان","چمن و سامان","نوشین","فریبرزی","1854592204"
"4000000067","6221063000000060","IR836827299414000000067","جاری","66362188","تهران-خيابان آزادی-نبش خيابان آذربايجان-شماره 332","آزادی","ازاده","عبدلی","3405957667"
"5000000296","6037703000000290","IR006176670835000000296","سپرده","66940576","تهران-خیابان ستارخان-بین میدان توحید و باقرخان","خیابان ستارخان","اسفندیار","اهی","8015464603"
"7000000350","6221061000000350","IR612116446777000000350","جاری","77311383","تهران-حکيميه-بلوار بهار-شماره 186","حکيميه","شهاب","گودرزی","2451510775"
"4000000150","6221060000000150","IR748655984274000000150","پس انداز","66716229","تهران-خيابان فردوسی-حد فاصل خيابان های منوچهری و تقوی-شماره 413","فـردوسـی","تینا","محمدی","5330285365"
